{"cameraMode":{"drawMode":0,"name":"Shaded","section":"Shading Mode"},"sceneLighting":true,"audioPlay":false,"sceneViewState":{"m_AlwaysRefresh":false,"showFog":true,"showSkybox":true,"showFlares":true,"showImageEffects":true,"showParticleSystems":true,"showVisualEffectGraphs":true,"m_FxEnabled":true},"in2DMode":false,"pivot":{"x":-0.016365770250558854,"y":0.1534402072429657,"z":-0.017570117488503457},"rotation":{"x":-0.15534748136997224,"y":-0.017193768173456193,"z":0.0027094073593616487,"w":-0.9877287149429321},"size":0.15886971354484559,"orthographic":true}