{"cameraMode":{"drawMode":0,"name":"Shaded","section":"Shading Mode"},"sceneLighting":false,"audioPlay":false,"sceneViewState":{"m_AlwaysRefresh":false,"showFog":true,"showSkybox":false,"showFlares":true,"showImageEffects":true,"showParticleSystems":true,"showVisualEffectGraphs":true,"m_FxEnabled":true},"in2DMode":false,"pivot":{"x":-0.004379644989967346,"y":-0.008704647421836853,"z":-0.01285119354724884},"rotation":{"x":-0.017543649300932885,"y":0.9821106195449829,"z":-0.11873035877943039,"w":-0.1451171636581421},"size":0.29192984104156496,"orthographic":false}