{"cameraMode":{"drawMode":0,"name":"Shaded","section":"Shading Mode"},"sceneLighting":false,"audioPlay":false,"sceneViewState":{"m_AlwaysRefresh":false,"showFog":true,"showSkybox":false,"showFlares":true,"showImageEffects":true,"showParticleSystems":true,"showVisualEffectGraphs":true,"m_FxEnabled":true},"in2DMode":false,"pivot":{"x":-0.028969556093215944,"y":0.19626063108444215,"z":-0.028717437759041787},"rotation":{"x":-0.15534748136997224,"y":-0.017193768173456193,"z":0.0027094073593616487,"w":-0.9877287149429321},"size":0.3334486484527588,"orthographic":true}